{
  "targetDefaults": {
    "build": {
      "cache": true,
      "dependsOn": [
        "^build"
      ],
      "inputs": [
        "production",
        "^production"
      ]
    },
    "test": {
      "cache": true,
      "inputs": [
        "default",
        "^production"
      ]
    }
  },
  "affected": {
    "defaultBase": "master"
  },
  "namedInputs": {
    "sharedGlobals": [],
    "default": [
      "{projectRoot}/**/*",
      "sharedGlobals"
    ],
    "production": [
      "default",
      "!{projectRoot}/tsconfig.spec.json",
      "!{projectRoot}/**/*.spec.[jt]s"
    ]
  },
  "nxCloudAccessToken": "MjYwNjIyYTAtMjFiNi00ZDZjLWJhNTAtYWMzZjY5OWMwNzZmfHJlYWQtd3JpdGU="
}
